{
    "rmse": 0.6456548416339868,
    "mae": 0.5090154557108513,
    "r2": 0.25225080802617295
}